INSERT IGNORE INTO account(email, password, type) VALUES ('Abe_Lincoln@student.uml.edu', 'Lincoln12345!', 'student');
INSERT IGNORE INTO student(student_id, name, email, dept_name) VALUES('S1900127777', 'Abe Lincoln', 'Abe_Lincoln@student.uml.edu', 'Computer Science');
INSERT IGNORE INTO take(student_id, course_id, section_id, semester, year, grade) VALUES ('S1900127777', 'CS101', 'A01', 'Fall', 2025, Null);
UPDATE section SET capacity=capacity-1 WHERE (course_id = 'CS101')AND (section_id = 'A01');
INSERT IGNORE INTO account(email, password, type) VALUES ('John_Wayne@student.uml.edu', 'Wayne12345!', 'student');
INSERT IGNORE INTO student(student_id, name, email, dept_name) VALUES('S8937962031', 'John Wayne', 'John_Wayne@student.uml.edu', 'Computer Science');
INSERT IGNORE INTO take(student_id, course_id, section_id, semester, year, grade) VALUES ('S8937962031', 'CS101', 'A01', 'Fall', 2025, Null);
UPDATE section SET capacity=capacity-1 WHERE (course_id = 'CS101')AND (section_id = 'A01');
INSERT IGNORE INTO account(email, password, type) VALUES ('Mark_Yard@student.uml.edu', 'Yard12345!', 'student');
INSERT IGNORE INTO student(student_id, name, email, dept_name) VALUES('S2376695636', 'Mark Yard', 'Mark_Yard@student.uml.edu', 'Computer Science');
INSERT IGNORE INTO take(student_id, course_id, section_id, semester, year, grade) VALUES ('S2376695636', 'CS101', 'A01', 'Fall', 2025, Null);
UPDATE section SET capacity=capacity-1 WHERE (course_id = 'CS101')AND (section_id = 'A01');
INSERT IGNORE INTO account(email, password, type) VALUES ('Reggie_Palmer@student.uml.edu', 'Palmer12345!', 'student');
INSERT IGNORE INTO student(student_id, name, email, dept_name) VALUES('S5784105550', 'Reggie Palmer', 'Reggie_Palmer@student.uml.edu', 'Computer Science');
INSERT IGNORE INTO take(student_id, course_id, section_id, semester, year, grade) VALUES ('S5784105550', 'CS101', 'A01', 'Fall', 2025, Null);
UPDATE section SET capacity=capacity-1 WHERE (course_id = 'CS101')AND (section_id = 'A01');
INSERT IGNORE INTO account(email, password, type) VALUES ('Tom_Scran@student.uml.edu', 'Scran12345!', 'student');
INSERT IGNORE INTO student(student_id, name, email, dept_name) VALUES('S1271562228', 'Tom Scran', 'Tom_Scran@student.uml.edu', 'Computer Science');
INSERT IGNORE INTO take(student_id, course_id, section_id, semester, year, grade) VALUES ('S1271562228', 'CS101', 'A01', 'Fall', 2025, Null);
UPDATE section SET capacity=capacity-1 WHERE (course_id = 'CS101')AND (section_id = 'A01');
INSERT IGNORE INTO account(email, password, type) VALUES ('Grant_Fisher@student.uml.edu', 'Fisher12345!', 'student');
INSERT IGNORE INTO student(student_id, name, email, dept_name) VALUES('S4089263845', 'Grant Fisher', 'Grant_Fisher@student.uml.edu', 'Computer Science');
INSERT IGNORE INTO take(student_id, course_id, section_id, semester, year, grade) VALUES ('S4089263845', 'CS101', 'A01', 'Fall', 2025, Null);
UPDATE section SET capacity=capacity-1 WHERE (course_id = 'CS101')AND (section_id = 'A01');
INSERT IGNORE INTO account(email, password, type) VALUES ('Martha_Lime@student.uml.edu', 'Lime12345!', 'student');
INSERT IGNORE INTO student(student_id, name, email, dept_name) VALUES('S4557999593', 'Martha Lime', 'Martha_Lime@student.uml.edu', 'Computer Science');
INSERT IGNORE INTO take(student_id, course_id, section_id, semester, year, grade) VALUES ('S4557999593', 'CS101', 'A01', 'Fall', 2025, Null);
UPDATE section SET capacity=capacity-1 WHERE (course_id = 'CS101')AND (section_id = 'A01');
INSERT IGNORE INTO account(email, password, type) VALUES ('Bant_Jane@student.uml.edu', 'Jane12345!', 'student');
INSERT IGNORE INTO student(student_id, name, email, dept_name) VALUES('S1742727674', 'Bant Jane', 'Bant_Jane@student.uml.edu', 'Computer Science');
INSERT IGNORE INTO take(student_id, course_id, section_id, semester, year, grade) VALUES ('S1742727674', 'CS101', 'A01', 'Fall', 2025, Null);
UPDATE section SET capacity=capacity-1 WHERE (course_id = 'CS101')AND (section_id = 'A01');
INSERT IGNORE INTO account(email, password, type) VALUES ('Yan_Cran@student.uml.edu', 'Cran12345!', 'student');
INSERT IGNORE INTO student(student_id, name, email, dept_name) VALUES('S7636100652', 'Yan Cran', 'Yan_Cran@student.uml.edu', 'Computer Science');
INSERT IGNORE INTO take(student_id, course_id, section_id, semester, year, grade) VALUES ('S7636100652', 'CS101', 'A01', 'Fall', 2025, Null);
UPDATE section SET capacity=capacity-1 WHERE (course_id = 'CS101')AND (section_id = 'A01');
INSERT IGNORE INTO account(email, password, type) VALUES ('Dake_Lin@student.uml.edu', 'Lin12345!', 'student');
INSERT IGNORE INTO student(student_id, name, email, dept_name) VALUES('S2368333324', 'Dake Lin', 'Dake_Lin@student.uml.edu', 'Computer Science');
INSERT IGNORE INTO take(student_id, course_id, section_id, semester, year, grade) VALUES ('S2368333324', 'CS101', 'A01', 'Fall', 2025, Null);
UPDATE section SET capacity=capacity-1 WHERE (course_id = 'CS101')AND (section_id = 'A01');
INSERT IGNORE INTO account(email, password, type) VALUES ('Harry_Terr@student.uml.edu', 'Terr12345!', 'student');
INSERT IGNORE INTO student(student_id, name, email, dept_name) VALUES('S2762450658', 'Harry Terr', 'Harry_Terr@student.uml.edu', 'Computer Science');
INSERT IGNORE INTO take(student_id, course_id, section_id, semester, year, grade) VALUES ('S2762450658', 'CS101', 'A01', 'Fall', 2025, Null);
UPDATE section SET capacity=capacity-1 WHERE (course_id = 'CS101')AND (section_id = 'A01');
INSERT IGNORE INTO account(email, password, type) VALUES ('Boris_Johnson@student.uml.edu', 'Johnson12345!', 'student');
INSERT IGNORE INTO student(student_id, name, email, dept_name) VALUES('S8898332601', 'Boris Johnson', 'Boris_Johnson@student.uml.edu', 'Computer Science');
INSERT IGNORE INTO take(student_id, course_id, section_id, semester, year, grade) VALUES ('S8898332601', 'CS101', 'A01', 'Fall', 2025, Null);
UPDATE section SET capacity=capacity-1 WHERE (course_id = 'CS101')AND (section_id = 'A01');
INSERT IGNORE INTO account(email, password, type) VALUES ('Mark_Billson@student.uml.edu', 'Billson12345!', 'student');
INSERT IGNORE INTO student(student_id, name, email, dept_name) VALUES('S7859708318', 'Mark Billson', 'Mark_Billson@student.uml.edu', 'Computer Science');
INSERT IGNORE INTO take(student_id, course_id, section_id, semester, year, grade) VALUES ('S7859708318', 'CS101', 'A01', 'Fall', 2025, Null);
UPDATE section SET capacity=capacity-1 WHERE (course_id = 'CS101')AND (section_id = 'A01');
INSERT IGNORE INTO account(email, password, type) VALUES ('Cart_Fillson@student.uml.edu', 'Fillson12345!', 'student');
INSERT IGNORE INTO student(student_id, name, email, dept_name) VALUES('S9094228346', 'Cart Fillson', 'Cart_Fillson@student.uml.edu', 'Computer Science');
INSERT IGNORE INTO take(student_id, course_id, section_id, semester, year, grade) VALUES ('S9094228346', 'CS101', 'A01', 'Fall', 2025, Null);
UPDATE section SET capacity=capacity-1 WHERE (course_id = 'CS101')AND (section_id = 'A01');
INSERT IGNORE INTO account(email, password, type) VALUES ('Indi_Huff@student.uml.edu', 'Huff12345!', 'student');
INSERT IGNORE INTO student(student_id, name, email, dept_name) VALUES('S2554769520', 'Indi Huff', 'Indi_Huff@student.uml.edu', 'Computer Science');
INSERT IGNORE INTO take(student_id, course_id, section_id, semester, year, grade) VALUES ('S2554769520', 'CS101', 'A01', 'Fall', 2025, Null);
UPDATE section SET capacity=capacity-1 WHERE (course_id = 'CS101')AND (section_id = 'A01');

